age,salary,department,churn
-1.0864817509026319,-1.0633218075125037,0,0
-0.5363644086734511,-0.49621684350583506,0,1
-0.09627053489010662,0.3544406025041679,1,0
1.1139876180140909,1.205098048514171,0,0
-1.4165521562401404,-1.346874289515838,1,1
0.34382333889323796,0.6379930845075023,2,1
-0.09627053489010662,-0.7797693255091694,2,0
1.7741284286891077,1.4886505305175053,0,1
